0,ba578dff-dcf4-44e9-bc13-db0112aa9fbb,Andrei,123
1,d6f8bd62-48cd-48b6-81fe-c06d4232cf9c,Andrei,1234
1,d89a94a3-4de4-4fb1-9e27-c3fe0896158a,Andrei,1234
1,e719d647-c29e-4d13-963b-2690afc1011d,Andrei,1234
1,b0470fc5-a6e3-4a8a-a524-dda2db72e109,Andrei,1234
1,45826c2b-1509-4d65-80a8-13f24c2ca2d0,Andrei,1234
1,caa0f00f-f03f-429d-9723-5fb3b96dd422,Andrei,1234
1,3e8edf58-5823-4f86-a818-dd352767a376,Andrei,1234
1,bc00545c-ae62-4eb0-ae9c-05045ecdaf80,Andrei,1234
1,7a86d5b9-2394-4614-b34f-805934dd1adf,Andrei,1234
1,9863a74a-e874-4c0e-bf24-b0af9e91c2a3,Andrei,1234
1,727ff612-c62f-4396-b4e7-007569ebb6d6,Andrei,1234
1,f0fc73ff-95d2-43de-90a6-cc419855f25b,Andrei,1234
1,d7642ff2-b8f9-49c4-8e26-98fdff3f3ab6,Andrei,1234
1,22144049-e54d-4280-9c3e-7b31f541acdf,Andrei,1234
1,8f63e3a2-fd87-49e8-82a7-2c2571ab87ea,Andrei,1234
1,def3df7b-27e0-458e-9ada-e97b1f9c8897,Andrei,1234
1,6b604a26-22b7-4209-840c-038e56d70260,Andrei,1234
1,e070bb3a-d295-4038-b5ba-0408fb2f3f3d,Andrei,1234
1,49d56085-bdea-4d95-953d-37110dc8e68c,Andrei,1234
1,f7c2f432-2226-4d77-ae91-dc15eba6ffc3,Andrei,1234
1,f5d0feca-900f-4e62-9c72-7fbc6779d0da,Andrei,1234
1,2688a89b-625a-435c-a9f1-ec7249e6e1c7,Andrei,1234
1,1aa00d27-66de-42cc-a269-1d9351fa9150,Andrei,1234
